,patch_size,s,n_components,nor,remove_components,k_min,k_max,k,kurt,bpd,bpd_field,H_receptive,H_signal,H_signal_white,H_neighbor,H_signal_sparse,H_signal_gauss,H_joint,H_cond,CE_gaussian,var_diff,var_sum,local_var,total_var,H_output,KL,d_ruzsa_add,d_ruzsa,d_ruzsa_,negH_diff,negH_diff_avg,negH_sum,H_max,lhd,mean,sum,class
0,12.0,2.0,29.0,2.0,0.0,0.039165527,2.7046504,69.056915,12.331795,15.136584,12.245051,222.9361,68.77884,41.149216,32.120857,39.92894,41.162354,-1.0,-1.0,39.683014,0.89529413,0.07890062,0.9220055,2.288118,-41.56592,7.562157,-1.0,9.02836,-9.02836,0.18534555,0.0063858824,0.043201342,1.6236715,0.543009,0.604765,0.604765,0
1,14.0,2.0,39.0,2.0,0.0,0.033535972,2.8768535,85.78411,12.665839,15.394637,12.22823,304.05884,92.67912,55.338604,44.55497,53.96847,55.336098,-1.0,-1.0,54.464764,0.9512604,0.07033677,0.9295346,2.7431338,-57.073845,9.909794,-1.0,10.783633,-10.783633,0.25815272,0.006629279,0.040001515,1.659542,0.518732,0.613974,0.613974,0
2,16.0,2.0,48.0,2.0,0.0,0.029787002,2.8995132,97.34156,12.621452,15.388051,12.297773,409.17932,115.53734,68.10905,55.99878,66.63993,68.10504,-1.0,-1.0,66.978226,0.94828534,0.07084438,0.92898864,3.4005303,-63.396908,10.979448,-1.0,12.110272,-12.110272,0.34054697,0.007104782,0.042789362,1.6994268,0.510159,0.623923,0.623923,0
3,18.0,2.0,57.0,2.0,0.0,0.026052792,3.1258357,119.980835,11.736342,15.231459,12.388541,525.7642,138.71976,80.87949,67.396484,79.35069,80.8741,-1.0,-1.0,80.16346,0.97012144,0.077948436,0.9218623,4.443061,-66.13689,12.766973,-1.0,13.483008,-13.483008,0.3953876,0.0069481316,0.045277357,1.7233043,0.519331,0.633266,0.633266,0
4,20.0,2.0,65.0,2.0,0.0,0.021422131,2.7197397,126.95934,9.391176,14.929113,12.481245,656.3782,159.95203,92.231,77.807495,90.8534,92.22733,-1.0,-1.0,91.22835,0.96455324,0.09149268,0.90839416,5.9470243,-60.250862,13.420853,-1.0,14.42351,-14.42351,0.37318325,0.005737973,0.05093852,1.7440202,0.537622,0.651436,0.651436,0
5,22.0,2.0,72.0,2.0,0.0,0.020268638,2.6370645,130.10565,8.02732,14.538459,12.566661,792.2525,179.18275,102.163574,87.78237,100.825356,102.16082,-1.0,-1.0,101.560425,0.97880423,0.11682603,0.8830976,8.411474,-49.12644,13.778053,-1.0,14.381203,-14.381203,0.3823621,0.005301089,0.05927991,1.7648281,0.563623,0.680905,0.680905,0
6,24.0,2.0,77.0,2.0,0.0,0.022578591,2.309558,102.28973,6.5217357,14.100198,12.644895,939.25793,194.18022,109.25827,94.59255,107.995056,109.259315,-1.0,-1.0,107.70566,0.9552943,0.15621881,0.84380835,12.028849,-28.052277,13.113103,-1.0,14.665712,-14.665712,0.35443398,0.004612223,0.062070318,1.7720268,0.580058,0.707731,0.707731,0
7,26.0,2.0,81.0,2.0,0.0,0.030408185,2.3498797,77.27787,5.3181405,13.686541,12.716104,1087.1672,206.79868,114.93402,101.83387,113.88632,114.93665,-1.0,-1.0,115.23913,1.0031341,0.21913199,0.78093284,17.749691,0.12313319,13.405256,-1.0,13.10015,-13.10015,0.31561297,0.0038990448,0.062953115,1.7932868,0.588715,0.73121,0.73121,0
8,28.0,2.0,84.0,2.0,0.0,0.040548243,2.3080366,56.920753,3.4690523,13.33249,12.782478,1235.3497,216.83571,119.190834,108.52122,118.45523,119.19554,-1.0,-1.0,123.46809,1.0972692,0.33453593,0.6655764,28.101017,40.961666,14.946872,-1.0,10.669622,-10.669622,0.22243477,0.002645694,0.061962057,1.817153,0.5899085,0.735276,0.735276,0
9,30.0,2.0,85.0,2.0,0.0,0.03767088,2.121645,56.320557,1.9841287,13.061883,12.843831,1384.7965,222.30006,120.60977,106.12729,119.96825,120.61431,-1.0,-1.0,124.69702,1.0910578,0.5739555,0.4261514,48.786217,87.17967,18.569735,-1.0,14.48249,-14.48249,0.10972322,0.0012966017,0.04182541,1.761444,0.587169,0.701331,0.701331,0
0,12.0,2.0,32.0,2.0,0.0,0.052821487,3.1731002,60.072147,10.388245,15.650912,12.668224,208.94609,72.69695,45.406033,35.020237,44.524887,45.402306,-1.0,-1.0,44.14004,0.9162052,0.06682931,0.9329378,2.138538,-39.271786,9.119805,-1.0,10.385797,-10.385797,0.17509428,0.0054676593,0.033626366,1.578054,0.355702,0.661916,0.661916,1
1,14.0,2.0,42.0,2.0,0.0,0.044562247,2.8993292,65.062454,11.28125,15.872265,12.563497,284.71658,95.870575,59.595417,46.715176,58.59756,59.592445,-1.0,-1.0,57.470455,0.89379746,0.06522075,0.9346375,2.7392716,-50.949265,10.755278,-1.0,12.880241,-12.880241,0.27761874,0.0066132206,0.035752878,1.596478,0.349992,0.666622,0.6666215,1
2,16.0,2.0,51.0,2.0,0.0,0.038562976,3.0291038,78.54953,10.384367,15.82903,12.574103,380.29385,118.34022,72.36587,58.8914,71.418724,72.36092,-1.0,-1.0,71.10531,0.9451573,0.06898763,0.9308186,3.5183692,-57.916702,12.213909,-1.0,13.474466,-13.474466,0.3238933,0.0063536377,0.035747208,1.6499076,0.3589855,0.672983,0.672983,1
3,18.0,2.0,60.0,2.0,0.0,0.032746382,3.144626,96.02972,9.881707,15.638888,12.635727,494.61533,141.19978,85.136314,70.28318,84.21445,85.13002,-1.0,-1.0,83.66408,0.9452273,0.07808088,0.9217092,4.6848526,-60.303856,13.380898,-1.0,14.853133,-14.853133,0.3566805,0.0059535047,0.036334336,1.6802498,0.358999,0.682193,0.682193,1
4,20.0,2.0,69.0,2.0,0.0,0.028925389,3.1861064,110.14913,8.193491,15.337923,12.715597,624.8626,164.48972,97.90676,82.56796,97.09185,97.901146,-1.0,-1.0,96.9179,0.96507186,0.09227607,0.90756124,6.3670487,-53.696857,14.349936,-1.0,15.338795,-15.338795,0.3387733,0.0049216063,0.040473323,1.717356,0.3598075,0.691023,0.691022,1
5,22.0,2.0,77.0,2.0,0.0,0.03535427,2.7098498,76.648445,6.8582406,14.936769,12.801357,773.809,186.25623,109.25827,93.551834,108.53592,109.25518,-1.0,-1.0,108.03526,0.96138537,0.11658822,0.8833316,8.977293,-41.199715,14.483431,-1.0,15.706434,-15.706434,0.33917728,0.0044079926,0.043122943,1.7478852,0.354736,0.699436,0.699436,1
6,24.0,2.0,84.0,2.0,0.0,0.13398862,2.474863,18.470695,5.61034,14.493951,12.886963,938.5173,206.28094,119.190834,103.8816,118.716446,119.19025,-1.0,-1.0,118.07793,0.9658991,0.1540657,0.84592015,12.941519,-21.65459,14.196328,-1.0,15.309238,-15.309238,0.30582237,0.0036388128,0.044880293,1.7798091,0.350746,0.705089,0.705089,1
7,26.0,2.0,90.0,2.0,0.0,0.045586023,2.269726,49.789955,4.5730977,14.058557,12.969739,1115.6123,224.33078,127.70447,114.36898,127.18672,127.70825,-1.0,-1.0,128.1867,1.0026883,0.21178629,0.7882973,19.060766,5.478092,13.817726,-1.0,13.335487,-13.335487,0.3026117,0.0033653867,0.05554005,1.8208711,0.346473,0.71063,0.71063,1
8,28.0,2.0,94.0,2.0,0.0,0.067448094,2.4421372,36.207653,2.9626875,13.668222,13.047834,1307.9434,238.23517,133.38022,122.6005,132.9736,133.38458,-1.0,-1.0,138.05309,1.0908794,0.33100492,0.6690878,31.114462,48.617157,15.452582,-1.0,10.779718,-10.779718,0.19882545,0.0021144457,0.050878182,1.8603591,0.3464855,0.711232,0.711232,1
9,30.0,2.0,97.0,2.0,0.0,0.07375684,2.199972,29.827362,1.2644712,13.368937,13.1200485,1500.5486,249.6287,137.63704,123.925224,137.60388,137.64264,-1.0,-1.0,143.16,1.1064739,0.57307196,0.42704356,55.58798,100.016914,19.23478,-1.0,13.711814,-13.711814,0.062532365,0.00064788735,0.026298394,1.8333384,0.346422,0.672777,0.672777,1
0,12.0,2.0,33.0,2.0,0.0,0.07160293,2.9943118,41.818283,6.507196,15.328072,12.209766,215.86696,75.18152,46.82497,41.431458,45.738033,46.823223,-1.0,-1.0,49.80421,1.1790928,0.069905,0.92998904,2.306865,-49.123383,8.372754,-1.0,5.3935146,-5.3935146,0.11281379,0.0034232498,0.031899177,1.7551907,0.616331,0.520017,0.520017,2
1,14.0,2.0,42.0,2.0,0.0,0.056055825,3.0657544,54.691093,5.726378,15.467804,12.158857,302.6766,97.358925,59.595417,52.891506,58.419098,59.595413,-1.0,-1.0,62.83662,1.150911,0.06948863,0.9305112,2.9185224,-53.829105,9.945115,-1.0,6.7039137,-6.7039137,0.12621953,0.003002189,0.044636667,1.7740777,0.602156,0.517705,0.517705,2
2,16.0,2.0,52.0,2.0,0.0,0.04280273,3.401491,79.46902,7.052435,15.47959,12.195393,401.55106,121.98478,73.784805,65.537506,72.52147,73.77987,-1.0,-1.0,77.72213,1.1470305,0.07570487,0.9241055,3.9366534,-61.471565,12.184622,-1.0,8.247295,-8.247295,0.21099462,0.00406081,0.04287199,1.7831897,0.604621,0.509611,0.509611,2
3,18.0,2.0,61.0,2.0,0.0,0.030721655,3.103459,101.01861,6.022947,15.277901,12.269863,521.93964,145.28152,86.55525,77.74177,85.421936,86.55709,-1.0,-1.0,90.651764,1.1294725,0.085382566,0.9146777,5.2083364,-64.63138,12.909993,-1.0,8.81348,-8.81348,0.20873755,0.0034161648,0.047094014,1.8114302,0.607912,0.503701,0.503701,2
4,20.0,2.0,69.0,2.0,0.0,0.02522515,3.1122494,123.37883,6.618212,14.933846,12.352278,659.0333,167.08894,97.90676,88.53147,96.68807,97.90577,-1.0,-1.0,102.30443,1.1224293,0.10303427,0.8969373,7.109365,-55.79914,13.772956,-1.0,9.375287,-9.375287,0.2703685,0.0039157267,0.049782414,1.8322593,0.6208885,0.498892,0.498892,2
5,22.0,2.0,77.0,2.0,0.0,0.024383526,2.7655315,113.41803,5.8084884,14.533243,12.43395,806.8128,188.66159,109.25827,99.54482,108.21643,109.26258,-1.0,-1.0,114.29011,1.1258031,0.13018452,0.8699277,10.024208,-43.218815,14.745288,-1.0,9.713447,-9.713447,0.27416676,0.0035618981,0.05541348,1.848446,0.637177,0.498081,0.498081,2
6,24.0,2.0,83.0,2.0,0.0,0.019479608,2.6464026,135.85503,4.6114655,14.075241,12.511507,968.8692,206.43367,117.7719,108.47909,116.95672,117.773155,-1.0,-1.0,123.868576,1.1423515,0.17241175,0.82761836,14.310176,-20.613419,15.38949,-1.0,9.292812,-9.292812,0.23413545,0.0028230266,0.048461996,1.8676652,0.651613,0.500413,0.500413,2
7,26.0,2.0,88.0,2.0,0.0,0.025027901,2.4709222,98.72671,3.001169,13.637926,12.58461,1140.113,221.86115,124.86659,115.0226,124.270874,124.86811,-1.0,-1.0,130.2829,1.1191099,0.24732281,0.75271136,21.764408,9.892968,15.260297,-1.0,9.843989,-9.843989,0.15289415,0.001735605,0.051357258,1.8692609,0.659426,0.508571,0.508571,2
8,28.0,2.0,91.0,2.0,0.0,0.08226237,2.6765225,32.536415,2.0936108,13.252783,12.654281,1326.5524,232.96544,129.12341,120.16535,128.68488,129.12839,-1.0,-1.0,137.85635,1.1888802,0.3645362,0.63557315,33.172794,50.452675,17.691002,-1.0,8.958054,-8.958054,0.099227026,0.0010833443,0.043971583,1.8845087,0.663332,0.5182325,0.518233,2
9,30.0,2.0,93.0,2.0,0.0,0.050974637,2.2630167,44.394955,0.9793941,12.962187,12.721643,1520.0771,241.68073,131.96129,114.71549,131.80357,131.96603,-1.0,-1.0,135.96727,1.0843954,0.62322634,0.37687573,57.96005,104.660576,21.251778,-1.0,17.245792,-17.245792,0.029273605,0.00031495612,0.025385028,1.7964915,0.663906,0.514679,0.514679,2
0,12.0,2.0,25.0,2.0,0.0,0.090026826,3.1738446,35.254433,11.365354,14.938093,12.374667,182.55495,59.303455,35.473465,29.889746,34.7638,35.471443,-1.0,-1.0,35.672173,1.014375,0.094076455,0.90576196,2.3519113,-24.760633,5.7824273,-1.0,5.583718,-5.583718,0.14167345,0.005664979,0.025209716,1.6181707,0.595621,0.670616,0.670616,3
1,14.0,2.0,32.0,2.0,0.0,0.08232632,3.209028,38.979366,9.380948,15.058106,12.284999,252.31068,76.74275,45.406033,40.324696,44.70241,45.400993,-1.0,-1.0,47.592937,1.1351146,0.0894413,0.91024375,2.8621216,-34.333252,7.2682433,-1.0,5.081339,-5.081339,0.15091695,0.0047149914,0.023639914,1.6892465,0.582921,0.668911,0.668911,3
2,16.0,2.0,40.0,2.0,0.0,0.073918834,3.310546,44.78623,7.7344513,15.087791,12.309557,333.66794,96.4768,56.75754,52.180817,56.06236,56.752502,-1.0,-1.0,61.151093,1.2180758,0.08829941,0.9114488,3.5319762,-41.420723,8.970277,-1.0,4.576725,-4.576725,0.1616365,0.004037465,0.024174655,1.7389839,0.573925,0.663931,0.663931,3
3,18.0,2.0,48.0,2.0,0.0,0.061032537,3.1290252,51.26815,7.811506,14.9797735,12.380881,429.9711,116.85036,68.10905,61.982033,67.35836,68.103676,-1.0,-1.0,71.81348,1.1527437,0.09880432,0.90097183,4.742607,-44.259575,9.831443,-1.0,6.1270156,-6.1270156,0.21059251,0.0043870513,0.027639104,1.7336495,0.573816,0.655896,0.655896,3
4,20.0,2.0,56.0,2.0,0.0,0.05048961,2.9496534,58.421,7.546805,14.76286,12.470546,539.81116,137.80557,79.460556,71.7923,78.63198,79.455215,-1.0,-1.0,82.65328,1.1123838,0.118698,0.88111097,6.647088,-34.977474,10.860989,-1.0,7.6682644,-7.6682644,0.24481258,0.004365147,0.03938328,1.7318479,0.5678555,0.648216,0.6482155,3
5,22.0,2.0,62.0,2.0,0.0,0.041955147,2.9391837,70.05538,6.5081086,14.42499,12.567995,678.46375,155.45692,87.97419,81.14173,87.23138,87.96994,-1.0,-1.0,92.944214,1.1586893,0.14373204,0.85613084,8.9113865,-26.229256,11.80248,-1.0,6.8324547,-6.8324547,0.2432306,0.0039265207,0.038897473,1.7759992,0.5454755,0.640352,0.640352,3
6,24.0,2.0,69.0,2.0,0.0,0.031017194,2.7923982,90.02743,4.7448864,14.089754,12.665043,824.00745,175.08197,97.90676,90.93781,97.350426,97.9028,-1.0,-1.0,103.39497,1.1575332,0.17851734,0.8213682,12.317697,-10.963062,12.457162,-1.0,6.9689474,-6.9689474,0.20080668,0.0029171687,0.04198599,1.7947955,0.5331355,0.628263,0.628263,3
7,26.0,2.0,75.0,2.0,0.0,0.027896982,2.3310614,83.55962,3.2298992,13.7423525,12.760159,988.07025,192.8963,106.42039,99.14385,105.9622,106.41913,-1.0,-1.0,111.994026,1.1471745,0.24416924,0.75579727,18.312693,12.168068,12.850178,-1.0,7.276541,-7.276541,0.14152017,0.0018880137,0.043275867,1.8091321,0.5210255,0.608765,0.608765,3
8,28.0,2.0,79.0,2.0,0.0,0.03197645,2.487801,77.80104,2.0130408,13.421297,12.851737,1177.9948,206.64314,112.096146,106.6071,111.78112,112.09756,-1.0,-1.0,122.15572,1.2533032,0.36798874,0.63204706,29.07111,49.46427,15.548623,-1.0,5.4890437,-5.4890437,0.08116503,0.001019871,0.039449494,1.8503051,0.510964,0.5750535,0.575054,3
9,30.0,2.0,82.0,2.0,0.0,0.06495072,2.5419168,39.136086,0.82030004,13.171719,12.937771,1378.799,218.06813,116.35296,102.088585,116.228485,116.35583,-1.0,-1.0,120.43736,1.0985368,0.6373023,0.36276743,52.258785,93.74328,18.34878,-1.0,14.264377,-14.264377,0.019586276,0.00023774021,0.024565598,1.755649,0.50604,0.54152,0.54152,3
0,12.0,2.0,35.0,2.0,0.0,0.049911726,3.2265694,64.645515,8.077325,15.445098,12.187766,194.99382,76.582375,49.66285,43.931156,48.726097,49.66108,-1.0,-1.0,53.968945,1.2419899,0.07258742,0.92731124,2.5405598,-47.787697,10.03779,-1.0,5.731694,-5.731694,0.14224195,0.0040648137,0.035591494,1.7065505,0.703199,0.5434575,0.5434575,4
1,14.0,2.0,45.0,2.0,0.0,0.042587828,3.2714078,76.81556,7.5434313,15.627742,12.097302,270.83334,99.784775,63.852234,58.57604,62.89604,63.848656,-1.0,-1.0,71.40401,1.331066,0.070968494,0.9288723,3.1935823,-61.49432,12.827968,-1.0,5.2761946,-5.2761946,0.18079689,0.0040147705,0.031630695,1.7622907,0.689237,0.550466,0.550466,4
2,16.0,2.0,55.0,2.0,0.0,0.03850978,3.418329,88.76522,7.017193,15.600284,12.113951,363.3239,123.79044,78.04162,72.5429,77.08498,78.03682,-1.0,-1.0,87.43813,1.3361027,0.07426102,0.92556447,4.084356,-66.71365,14.895234,-1.0,5.4987197,-5.4987197,0.21794061,0.0039582993,0.03533649,1.7920399,0.686645,0.5519505,0.55195,4
3,18.0,2.0,64.0,2.0,0.0,0.03352179,3.574789,106.640755,6.277569,15.363752,12.175257,475.69476,146.75652,90.812065,83.94944,89.91167,90.80975,-1.0,-1.0,100.00928,1.2814698,0.084818125,0.9151096,5.42836,-67.06993,16.05984,-1.0,6.862628,-6.862628,0.23358104,0.003650183,0.031605326,1.8011079,0.696144,0.558851,0.558851,4
4,20.0,2.0,72.0,2.0,0.0,0.028002037,3.451141,123.24608,6.27154,14.988469,12.25297,605.964,168.37798,102.163574,94.10182,101.279854,102.16086,-1.0,-1.0,112.078354,1.2693422,0.10491855,0.8950056,7.5541353,-57.03084,17.976532,-1.0,8.061751,-8.061751,0.2752165,0.0038221723,0.03668851,1.8119397,0.706504,0.564255,0.564255,4
5,22.0,2.0,80.0,2.0,0.0,0.031182917,3.3036315,105.943634,5.4880266,14.559587,12.335894,750.48566,189.72481,113.51508,105.63995,112.66449,113.51604,-1.0,-1.0,124.53899,1.2694898,0.13180907,0.8682144,10.544725,-43.58889,18.899035,-1.0,7.87513,-7.87513,0.2872966,0.0035920825,0.038521558,1.8373628,0.717761,0.569131,0.569131,4
6,24.0,2.0,86.0,2.0,0.0,0.031322148,3.2333212,103.22795,4.615253,14.075826,12.417659,913.07404,207.41101,122.02872,114.12396,121.29571,122.03386,-1.0,-1.0,132.95378,1.2483749,0.17182451,0.82829505,14.776908,-23.015034,18.82982,-1.0,7.9047523,-7.9047523,0.27033097,0.0031386388,0.0421641,1.8554221,0.727496,0.581627,0.581627,4
7,26.0,2.0,90.0,2.0,0.0,0.040457636,3.0758698,76.02693,3.5420365,13.605721,12.497757,1094.2693,221.08415,127.70447,119.71194,127.06287,127.71033,-1.0,-1.0,138.01428,1.2241395,0.2349198,0.7652102,21.142782,8.154708,18.302343,-1.0,7.992529,-7.992529,0.22543633,0.0024988896,0.040569495,1.8697132,0.73079,0.602867,0.602867,4
8,28.0,2.0,93.0,2.0,0.0,0.08277987,2.6551285,32.074566,2.2448049,13.207922,12.575757,1284.5151,232.5089,131.96129,125.067024,131.5791,131.9698,-1.0,-1.0,145.14313,1.2795862,0.34643665,0.65374684,32.21861,48.23085,20.076105,-1.0,6.8942614,-6.8942614,0.13190132,0.001414092,0.032410003,1.8909441,0.728994,0.6150125,0.6150125,4
9,30.0,2.0,95.0,2.0,0.0,0.06521603,2.9999826,46.000694,1.0194548,12.908874,12.652822,1482.5323,241.54195,134.79916,119.977936,134.57953,134.806,-1.0,-1.0,143.91008,1.1889291,0.6009723,0.39917168,57.09237,103.086754,23.932142,-1.0,14.821222,-14.821222,0.0379112,0.00039448484,0.022409633,1.8120117,0.724544,0.602944,0.602944,4
0,12.0,2.0,26.0,2.0,0.0,0.097221315,2.860387,29.421398,6.9491467,15.017003,12.355072,191.56676,62.313606,36.892403,32.93826,36.34346,36.889454,-1.0,-1.0,39.503925,1.1981316,0.08434857,0.91542464,2.1930628,-31.46445,6.565665,-1.0,3.9541414,-3.9541414,0.08922543,0.0034275579,0.017227601,1.7102977,0.5158735,0.6574125,0.6574125,5
1,14.0,2.0,33.0,2.0,0.0,0.08697146,3.2562401,37.44033,7.628025,15.12185,12.302215,268.644,80.24011,46.82497,43.216248,46.209,46.821575,-1.0,-1.0,51.625572,1.2881818,0.08169859,0.91809565,2.6960535,-39.71365,8.409326,-1.0,3.6087253,-3.6087253,0.13378516,0.0040516364,0.016729634,1.7664608,0.5108155,0.662128,0.662128,5
2,16.0,2.0,42.0,2.0,0.0,0.07305674,3.2749932,44.828075,6.2557178,15.188322,12.343147,350.3811,102.310196,59.595417,55.44136,58.978645,59.58978,-1.0,-1.0,65.40794,1.2741727,0.08467525,0.9150561,3.5563607,-46.18655,9.966585,-1.0,4.1540594,-4.1540594,0.14261886,0.0034027714,0.01875727,1.7762578,0.5163325,0.660535,0.660535,5
3,18.0,2.0,50.0,2.0,0.0,0.05961735,3.1766574,53.284107,5.8547883,15.058588,12.426515,454.32648,123.21523,70.94693,66.64774,70.349976,70.94024,-1.0,-1.0,78.20859,1.2878708,0.090670764,0.90906173,4.5335383,-49.856308,11.560842,-1.0,4.2991805,-4.2991805,0.1639724,0.0032779374,0.021594618,1.800369,0.511876,0.661311,0.661311,5
4,20.0,2.0,58.0,2.0,0.0,0.050057158,3.4276013,68.47375,5.2351227,14.825749,12.522088,572.79004,144.51535,82.29843,77.51946,81.70098,82.292465,-1.0,-1.0,89.903046,1.2595468,0.10610501,0.8936892,6.1540904,-43.042473,12.383586,-1.0,4.7789745,-4.7789745,0.18551221,0.0031973482,0.022997992,1.8138674,0.5069625,0.657132,0.657132,5
5,22.0,2.0,65.0,2.0,0.0,0.039372776,2.98118,75.71678,4.8504357,14.499334,12.619884,709.1355,164.27681,92.231,87.34523,91.69288,92.225136,-1.0,-1.0,100.80061,1.2609497,0.1323256,0.86749405,8.601164,-32.55678,13.455383,-1.0,4.885775,-4.885775,0.19708769,0.003036574,0.02709939,1.8321581,0.49383,0.655002,0.6550015,5
6,24.0,2.0,72.0,2.0,0.0,0.030954024,3.0154712,97.41775,3.2951868,14.148748,12.715282,856.1004,183.98212,102.163574,97.489716,101.77909,102.15985,-1.0,-1.0,111.48475,1.256256,0.1663714,0.83352506,11.978741,-18.425894,13.995031,-1.0,4.6738567,-4.6738567,0.14870042,0.0020628818,0.028291875,1.8494524,0.485648,0.648665,0.648665,5
7,26.0,2.0,78.0,2.0,0.0,0.08098218,2.441004,30.142485,2.525002,13.789675,12.806103,1016.0696,201.7397,110.67721,106.302704,110.34634,110.676315,-1.0,-1.0,120.7315,1.2552783,0.23132022,0.76865715,18.042976,7.613398,14.428791,-1.0,4.374498,-4.374498,0.10654351,0.0013649099,0.030628052,1.8638757,0.476097,0.62048,0.62048,5
8,28.0,2.0,82.0,2.0,0.0,0.036980525,2.5124083,67.93868,1.7380338,13.459602,12.891525,1194.7972,215.23569,116.35296,112.01861,116.17411,116.35358,-1.0,-1.0,128.95874,1.3050711,0.35957155,0.6404434,29.484867,46.725594,16.94013,-1.0,4.334349,-4.334349,0.06410862,0.0007715583,0.030364564,1.8740727,0.4717025,0.598142,0.598142,5
9,30.0,2.0,85.0,2.0,0.0,0.035642117,2.287331,64.17495,0.6998521,13.203318,12.971583,1380.9672,226.11032,120.60977,107.42625,120.56871,120.61325,-1.0,-1.0,127.5888,1.1622361,0.62228334,0.3777985,52.894085,95.691925,20.162548,-1.0,13.183525,-13.183525,0.016023587,0.00019146026,0.02272352,1.7753075,0.4693985,0.5618115,0.5618115,5
0,12.0,2.0,42.0,2.0,0.0,0.0708244,3.2985432,46.573544,5.250038,16.102015,12.408709,213.75043,87.96946,59.595417,57.015427,58.770683,59.59733,-1.0,-1.0,68.0144,1.3968527,0.058665246,0.94142574,2.4639404,-70.30432,10.998971,-1.0,2.579993,-2.579993,0.11083064,0.002637084,0.029308973,1.8523028,0.620076,0.686948,0.686948,6
1,14.0,2.0,54.0,2.0,0.0,0.053974714,3.5198147,65.21229,5.880005,16.316214,12.288157,292.51578,114.662994,76.62268,74.19474,75.647354,76.61939,-1.0,-1.0,88.22591,1.4248725,0.058347628,0.94153076,3.1507719,-86.99328,14.031167,-1.0,2.4279413,-2.4279413,0.1745844,0.00323597,0.034525946,1.8714525,0.6160625,0.687262,0.687262,6
2,16.0,2.0,66.0,2.0,0.0,0.046006486,3.3705852,73.26326,5.3052306,16.283558,12.287844,390.94177,142.04607,93.64994,92.16467,92.66421,93.646706,-1.0,-1.0,108.966324,1.4589151,0.060866933,0.93903506,4.0172176,-98.56561,16.801653,-1.0,1.4852728,-1.4852728,0.1974644,0.0029899778,0.0361808,1.9054731,0.624241,0.69561,0.69561,6
3,18.0,2.0,76.0,2.0,0.0,0.0410815,3.403378,82.84454,5.122142,15.966107,12.33785,515.25964,166.99232,107.839325,105.476776,106.894516,107.83445,-1.0,-1.0,123.518036,1.4070787,0.07333577,0.926536,5.5735183,-99.6147,18.04126,-1.0,2.3625524,-2.3625524,0.21880326,0.002874602,0.03645386,1.9179548,0.6340635,0.682896,0.682896,6
4,20.0,2.0,86.0,2.0,0.0,0.034974743,3.3673306,96.27892,5.02011,15.537848,12.409243,656.61597,192.53658,122.02872,119.585335,121.16108,122.02418,-1.0,-1.0,138.70982,1.3821399,0.085971706,0.9139229,7.3935666,-93.89483,19.124487,-1.0,2.4433765,-2.4433765,0.2534449,0.0029447882,0.042485632,1.9377072,0.641461,0.70054,0.70054,6
5,22.0,2.0,94.0,2.0,0.0,0.03424853,2.8880537,84.326355,3.2719054,14.991085,12.48796,822.47095,214.9643,133.38022,130.44945,132.73674,133.37909,-1.0,-1.0,150.2019,1.3519615,0.10803044,0.8919454,10.154861,-76.215515,19.75245,-1.0,2.9307687,-2.9307687,0.16859087,0.0017902234,0.044609368,1.9542001,0.651428,0.72389,0.72389,6
6,24.0,2.0,101.0,2.0,0.0,0.026485639,3.0719361,115.98498,3.348008,14.426192,12.567463,1005.09924,235.53796,143.31279,140.59819,142.79478,143.31454,-1.0,-1.0,160.57341,1.3359766,0.13988203,0.8601526,14.128085,-52.621216,19.975222,-1.0,2.714603,-2.714603,0.19932657,0.001975824,0.043384433,1.9737159,0.6503525,0.74298,0.74298,6
7,26.0,2.0,106.0,2.0,0.0,0.019773792,2.66755,134.9033,2.508191,13.881852,12.644771,1207.2231,252.14507,150.40749,147.24286,150.04968,150.41223,-1.0,-1.0,166.42944,1.2968425,0.19363166,0.8064578,20.524956,-16.286661,19.186577,-1.0,3.1646187,-3.1646187,0.14952084,0.0014184915,0.038519464,1.9843613,0.648114,0.757382,0.757382,6
8,28.0,2.0,109.0,2.0,0.0,0.025638746,2.5438032,99.21715,1.5274014,13.414293,12.718515,1426.7649,264.3544,154.6643,152.31355,154.49274,154.67165,-1.0,-1.0,172.94017,1.3304017,0.29438558,0.7057493,32.088028,35.478325,20.62661,-1.0,2.3507404,-2.3507404,0.07543762,0.00069194037,0.04210583,2.00399,0.641293,0.747745,0.747745,6
9,30.0,2.0,111.0,2.0,0.0,0.034010142,2.4181585,71.1011,0.73724407,13.065021,12.788729,1654.693,273.96405,157.50218,148.70921,157.48819,157.5119,-1.0,-1.0,173.057,1.2763835,0.54849696,0.4516782,60.883163,114.6656,24.347788,-1.0,8.792958,-8.792958,0.021486454,0.00019493229,0.026586115,1.952572,0.633493,0.675689,0.675689,6
0,12.0,2.0,30.0,2.0,0.0,0.075149424,3.2409542,43.1268,8.355449,15.391927,12.50457,197.12846,69.27366,42.568157,37.93583,41.96611,42.56547,-1.0,-1.0,46.58656,1.2640041,0.0695081,0.9303128,2.085243,-38.53406,8.650732,-1.0,4.6323285,-4.6323285,0.12255462,0.004079948,0.02129768,1.7208434,0.462083,0.706192,0.706192,7
1,14.0,2.0,39.0,2.0,0.0,0.068417646,3.5040095,51.214996,8.050402,15.573922,12.415251,271.2017,90.62464,55.338604,50.826546,54.741768,55.335014,-1.0,-1.0,61.30825,1.3019794,0.066276684,0.93353957,2.5847907,-49.942818,10.481706,-1.0,4.5120583,-4.5120583,0.15610768,0.0040016873,0.016342651,1.7644721,0.4645365,0.711206,0.711206,7
2,16.0,2.0,49.0,2.0,0.0,0.060840365,3.413972,56.1136,7.861594,15.621583,12.431645,354.9213,114.523,69.527985,63.115395,68.85091,69.52331,-1.0,-1.0,76.186806,1.267431,0.07469118,0.9251178,3.6598678,-55.370594,13.071412,-1.0,6.4125943,-6.4125943,0.2131313,0.004350436,0.021391882,1.7502064,0.472838,0.709523,0.709523,7
3,18.0,2.0,58.0,2.0,0.0,0.058568753,3.474065,59.316017,6.4202967,15.454704,12.496437,459.10318,137.4851,82.29843,75.658745,81.67355,82.29091,-1.0,-1.0,90.49897,1.2780097,0.08320211,0.91653794,4.825722,-58.448315,14.840224,-1.0,6.639689,-6.639689,0.21004283,0.0036207428,0.024235265,1.7767895,0.4683015,0.7126705,0.7126705,7
4,20.0,2.0,67.0,2.0,0.0,0.055841744,3.3173687,59.406612,6.1051683,15.174325,12.580783,581.1086,160.815,95.06888,89.29025,94.51615,95.06214,-1.0,-1.0,105.74181,1.3138121,0.096116945,0.9036819,6.4398355,-54.359325,16.451557,-1.0,5.778626,-5.778626,0.2564479,0.00382726,0.030263774,1.8169476,0.4576975,0.716587,0.716587,7
5,22.0,2.0,75.0,2.0,0.0,0.055714697,3.0985603,55.614777,4.2121167,14.792446,12.671204,722.91223,182.631,106.42039,100.59888,105.93202,106.41493,-1.0,-1.0,118.483864,1.3169383,0.12291036,0.87694436,9.218277,-41.66145,17.88499,-1.0,5.8215165,-5.8215165,0.2004947,0.0026745305,0.03200455,1.8391918,0.450283,0.718578,0.718578,7
6,24.0,2.0,82.0,2.0,0.0,0.05508543,3.2403495,58.824074,3.9320407,14.36512,12.7618475,881.8264,202.59381,116.35296,111.379326,115.95876,116.350815,-1.0,-1.0,129.85411,1.324608,0.15735056,0.8425971,12.902745,-23.638971,18.474787,-1.0,4.973636,-4.973636,0.1975188,0.0024165756,0.036618095,1.8686006,0.443251,0.718313,0.718313,7
7,26.0,2.0,87.0,2.0,0.0,0.041998543,2.8770225,68.502914,2.91236,13.934017,12.849957,1060.4448,218.65593,123.447655,118.54202,123.29264,123.44805,-1.0,-1.0,136.63432,1.2985722,0.21562009,0.78438884,18.758947,4.756497,18.092302,-1.0,4.905632,-4.905632,0.16344455,0.0018673197,0.033752028,1.8854537,0.441144,0.7166585,0.7166585,7
8,28.0,2.0,91.0,2.0,0.0,0.039086267,2.7262912,69.75062,1.8181465,13.558593,12.935126,1250.5919,232.27864,129.12341,126.11068,129.0996,129.12514,-1.0,-1.0,145.88513,1.3638858,0.32321438,0.6768237,29.412508,43.5402,19.774454,-1.0,3.012729,-3.012729,0.0930527,0.0010296323,0.028679896,1.9175459,0.439227,0.699877,0.699877,7
9,30.0,2.0,94.0,2.0,0.0,0.036915813,2.7377317,74.16149,0.81271625,13.270034,13.015938,1442.3813,243.45119,133.38022,123.82562,133.53647,133.38374,-1.0,-1.0,147.56058,1.2977767,0.56810963,0.43196502,53.402306,97.59632,23.734957,-1.0,9.554603,-9.554603,0.027370384,0.00029513845,0.018430319,1.8515091,0.438679,0.635823,0.635823,7
0,12.0,2.0,25.0,2.0,0.0,0.04906913,2.0879018,42.550213,12.878521,14.938223,12.331574,182.35306,58.368732,35.473465,24.08711,34.544968,35.48856,-1.0,-1.0,31.391386,0.6715547,0.08269184,0.918516,2.067296,-26.20888,7.304276,-1.0,11.3863535,-11.3863535,0.16473693,0.0065907533,0.01886486,1.385598,0.6507845,0.726464,0.726464,8
1,14.0,2.0,33.0,2.0,0.0,0.045527317,2.886532,63.402203,12.987437,15.124616,12.252282,247.78484,77.450645,46.82497,34.26513,45.751873,46.842873,-1.0,-1.0,43.163353,0.7717538,0.08047831,0.9206066,2.6557841,-33.715115,8.898226,-1.0,12.559844,-12.559844,0.24404153,0.007394612,0.02246397,1.4597399,0.669574,0.730411,0.730411,8
2,16.0,2.0,41.0,2.0,0.0,0.041481424,2.9353716,70.76352,11.404877,15.138282,12.294428,330.9178,96.95899,58.17648,43.640995,57.02325,58.177055,-1.0,-1.0,53.945152,0.7874859,0.08365958,0.9163686,3.4300427,-38.37598,10.304157,-1.0,14.535485,-14.535485,0.28191185,0.0068759876,0.026926402,1.4952971,0.661513,0.735936,0.735936,8
3,18.0,2.0,49.0,2.0,0.0,0.036983322,3.146075,85.0674,11.665323,15.016686,12.377069,423.00928,117.02344,69.527985,53.994045,68.270706,69.52506,-1.0,-1.0,65.34455,0.82320434,0.09047165,0.90940905,4.4331107,-43.12227,11.350507,-1.0,15.533944,-15.533944,0.35948607,0.0073335236,0.029963594,1.537114,0.657845,0.745783,0.745783,8
4,20.0,2.0,56.0,2.0,0.0,0.030628804,2.5257235,82.46236,11.764827,14.758452,12.475366,527.2648,135.6391,79.460556,62.211376,78.15985,79.457695,-1.0,-1.0,73.87058,0.79367846,0.10812437,0.89177346,6.0549645,-35.94736,11.659205,-1.0,17.249182,-17.249182,0.46289247,0.008259731,0.038294166,1.5503048,0.64151,0.7540315,0.754032,8
5,22.0,2.0,62.0,2.0,0.0,0.02818338,2.2436256,79.60811,8.894039,14.420221,12.578182,643.7676,152.3536,87.97419,70.266556,86.90517,87.976524,-1.0,-1.0,82.006546,0.80055827,0.13335647,0.8667188,8.268101,-25.767698,11.739992,-1.0,17.707636,-17.707636,0.4077893,0.006565369,0.038615905,1.5766976,0.62291,0.771356,0.771356,8
6,24.0,2.0,67.0,2.0,0.0,0.023444572,1.7760965,75.757256,7.8047104,14.052356,12.676613,764.75366,167.27982,95.06888,76.64387,93.94639,95.06909,-1.0,-1.0,88.0305,0.78244334,0.18156198,0.8184443,12.164653,-7.6871142,11.386633,-1.0,18.425013,-18.425013,0.41876772,0.006245778,0.048788197,1.5865041,0.594541,0.785632,0.785632,8
7,26.0,2.0,71.0,2.0,0.0,0.0392459,1.7947228,45.730198,6.384478,13.697449,12.76953,893.16266,180.01157,100.74464,84.17625,99.83294,100.74701,-1.0,-1.0,95.52052,0.84447324,0.25127703,0.74878997,17.84067,15.14367,11.344273,-1.0,16.568386,-16.568386,0.36096,0.005087793,0.05165229,1.6259965,0.569665,0.805458,0.805458,8
8,28.0,2.0,74.0,2.0,0.0,0.0886672,2.5237257,28.462902,4.4420924,13.388962,12.855833,1023.95483,190.52005,105.00145,90.715256,104.237526,105.003,-1.0,-1.0,103.02429,0.936707,0.37492514,0.6251166,27.744461,44.961933,12.309032,-1.0,14.286192,-14.286192,0.26489308,0.0035680141,0.044963863,1.6612369,0.5450035,0.820744,0.820744,8
9,30.0,2.0,76.0,2.0,0.0,0.0606038,2.0342834,33.56693,2.2491505,13.153334,12.935748,1155.4175,198.54521,107.839325,89.99524,107.21327,107.84228,-1.0,-1.0,106.339264,0.94685936,0.6060427,0.39403462,46.059242,79.05822,16.344027,-1.0,17.84409,-17.84409,0.11520113,0.0015229974,0.03504674,1.6120802,0.524742,0.8077515,0.8077515,8
0,12.0,2.0,32.0,2.0,0.0,0.081571594,3.505934,42.97984,10.046003,15.721834,12.735437,184.9668,70.6948,45.406033,37.962215,44.553917,45.40276,-1.0,-1.0,46.699066,1.0765904,0.063929334,0.935866,2.0457387,-38.84716,8.736849,-1.0,7.443816,-7.443816,0.17799948,0.0055613387,0.02216211,1.6144832,0.3904355,0.693547,0.693547,9
1,14.0,2.0,43.0,2.0,0.0,0.07504021,3.4884613,46.487896,8.989571,16.008957,12.596078,249.54242,94.70181,61.01436,52.555927,59.980465,61.014153,-1.0,-1.0,63.7194,1.1216797,0.063548535,0.936442,2.732587,-50.0141,11.163471,-1.0,8.458429,-8.458429,0.2129801,0.0049592806,0.033791468,1.6466228,0.419044,0.700574,0.700574,9
2,16.0,2.0,53.0,2.0,0.0,0.06628192,3.5299861,53.25715,9.850667,16.007093,12.5844965,332.7652,118.18563,75.20374,64.28652,74.06407,75.19992,-1.0,-1.0,77.046616,1.0654482,0.06866108,0.9311948,3.6390371,-55.29009,12.760092,-1.0,10.917219,-10.917219,0.3130865,0.0059083914,0.037360407,1.6462413,0.415054,0.708712,0.708712,9
3,18.0,2.0,64.0,2.0,0.0,0.056828946,3.5988433,63.327644,6.913925,15.876752,12.631879,425.30978,144.00864,90.812065,79.71523,89.74971,90.80457,-1.0,-1.0,94.79652,1.120199,0.07535456,0.92441154,4.822692,-60.997414,15.081282,-1.0,11.096831,-11.096831,0.2732158,0.004267046,0.04298786,1.683112,0.406564,0.717162,0.717162,9
4,20.0,2.0,73.0,2.0,0.0,0.04767725,3.4410894,72.17467,8.027321,15.533043,12.708832,542.3319,167.09734,103.58251,91.92201,102.50996,103.57767,-1.0,-1.0,107.96282,1.115263,0.08981298,0.91005427,6.5563474,-52.85356,16.040812,-1.0,11.660503,-11.660503,0.36548433,0.0050062966,0.04238571,1.7111489,0.385303,0.729616,0.729616,9
5,22.0,2.0,81.0,2.0,0.0,0.054415964,3.5480633,65.20262,6.975507,15.094404,12.799264,677.33154,188.80786,114.93402,102.58679,113.94598,114.93051,-1.0,-1.0,119.1232,1.0980916,0.11319436,0.88671905,9.168743,-40.87642,16.536404,-1.0,12.347226,-12.347226,0.38662976,0.004762204,0.04064148,1.7329854,0.354429,0.740995,0.740995,9
6,24.0,2.0,88.0,2.0,0.0,0.052853987,3.2682357,61.83518,5.0989757,14.619622,12.894808,827.6923,208.87628,124.86659,113.764046,124.112366,124.86642,-1.0,-1.0,129.81303,1.106365,0.14967443,0.8503216,13.17135,-19.701418,16.048985,-1.0,11.102541,-11.102541,0.32829022,0.0037267066,0.04154635,1.7717619,0.324015,0.749321,0.749321,9
7,26.0,2.0,94.0,2.0,0.0,0.049784116,3.242628,65.13379,3.8734014,14.15876,12.989852,991.00684,227.05827,133.38022,123.60016,132.822,133.3848,-1.0,-1.0,138.56183,1.1033621,0.21207157,0.78802586,19.934727,9.52764,14.961668,-1.0,9.780062,-9.780062,0.27680185,0.002941721,0.04623574,1.8035575,0.29653,0.7505695,0.7505695,9
8,28.0,2.0,98.0,2.0,0.0,0.11729829,2.5278609,21.550705,2.8033073,13.748848,13.080776,1167.995,241.35081,139.05597,132.31232,138.70522,139.06277,-1.0,-1.0,148.47693,1.1846255,0.32060024,0.6795388,31.418823,48.875507,16.164614,-1.0,6.743662,-6.743662,0.19340484,0.001972591,0.03467858,1.8467221,0.278305,0.751577,0.751577,9
9,30.0,2.0,100.0,2.0,0.0,0.11625028,3.0767007,26.466179,1.2231199,13.434183,13.16575,1353.974,251.3661,141.89386,130.13283,141.69313,141.90022,-1.0,-1.0,150.49196,1.1635302,0.5717808,0.4283464,57.17808,102.55552,20.359127,-1.0,11.761023,-11.761023,0.05811957,0.00057805533,0.029212467,1.8028002,0.268609,0.728227,0.728227,9
