,Unnamed: 0,Unnamed: 0.1,patch_size,s,n_components,nor,remove_components,k_min,k_max,k,kurt,bpd,bpd_field,H_receptive,H_signal,H_signal_white,H_neighbor,H_signal_sparse,H_signal_gauss,H_joint,H_cond,CE_gaussian,var_diff,var_sum,local_var,total_var,H_output,KL,d_ruzsa_add,d_ruzsa,d_ruzsa_,negH_diff,negH_diff_avg,negH_sum,H_max,lhd,mean,class
0,0,0,14.0,14.0,33.0,2.0,0.0,0.0,0.0,0.0,8.404334,0.0,0.0,124.063896,76.496666,46.82497,46.82497,42.18772,46.757534,-1.0,-1.0,62.133224,1.0911547,0.0020239393,0.993889,0.06679,-71.00792,15.308253,-1.0,0.0,0.0,0.3382451,0.010245988,0.11445521,1.6299316,0.0,0.63095236,0
1,1,1,42.0,14.0,67.0,2.0,0.0,0.0,0.0,0.0,2.5196621,0.0,0.0,3886.7402,225.01631,95.06888,95.06888,91.586945,94.733765,-1.0,-1.0,124.248276,0.56355906,0.0027458868,0.9872507,0.18397442,-328.7071,29.179394,-1.0,0.0,0.0,0.16235861,0.002411731,0.19901943,2.1533945,0.0,0.6015873,0
2,2,2,70.0,14.0,73.0,2.0,0.0,0.0,0.0,0.0,1.4870211,0.0,0.0,13908.733,273.1882,103.58251,103.58251,102.82143,104.529144,-1.0,-1.0,136.8694,0.3048189,0.0017438899,1.0241911,0.12730396,-330.41245,33.28689,-1.0,0.0,0.0,0.08623201,0.0011943326,0.23691581,2.3651109,0.0,0.68015873,0
3,3,3,98.0,14.0,73.0,2.0,0.0,0.0,0.0,0.0,1.0015659,0.0,0.0,25413.322,296.6437,103.58251,103.58251,103.218666,104.14927,-1.0,-1.0,136.57434,0.15727687,0.0014054918,1.0141221,0.1026009,-323.04688,32.99183,-1.0,0.0,0.0,0.061754566,0.0008424359,0.24080673,2.3009782,0.0,0.69920635,0
4,4,4,126.0,14.0,62.0,2.0,0.0,0.0,0.0,0.0,1.0239711,0.0,0.0,,,87.97419,87.97419,87.51092,88.22969,-1.0,-1.0,120.450066,0.12845694,0.0015751588,1.0066671,0.09765985,-272.16736,32.475876,-1.0,0.0,0.0,0.060530927,0.0009611645,0.18809555,,0.0,0.7039682,0
5,5,5,154.0,14.0,63.0,2.0,0.0,0.0,0.0,0.0,2.3272874,0.0,0.0,,,89.39313,89.39313,86.78198,89.43104,-1.0,-1.0,119.68991,0.86095697,0.030098027,0.97110546,1.8961756,-238.12422,30.296783,-1.0,0.0,0.0,0.16701186,0.0027250003,0.19866967,,0.0,0.58809525,0
6,6,6,182.0,14.0,47.0,2.0,0.0,0.0,0.0,0.0,2.0733418,0.0,0.0,,,66.69011,66.69011,64.39615,66.618164,-1.0,-1.0,90.9109,1.3675696,0.044244785,0.95269346,2.079505,-150.12004,24.220785,-1.0,0.0,0.0,0.13564959,0.002833841,0.14777271,,0.0,0.5,0
7,7,0,14.0,14.0,62.0,2.0,0.0,0.0,0.0,0.0,0.30375895,0.0,0.0,403.58966,118.3746,87.97419,87.97419,88.595856,87.833824,-1.0,-1.0,109.90369,1.6762898,0.030166846,0.9653054,1.8703444,-99.26837,21.929497,-1.0,0.0,0.0,0.00646258,0.00010460266,0.24237141,2.1053154,0.0,0.43138042,1
8,8,1,42.0,14.0,57.0,2.0,0.0,0.0,0.0,0.0,2.4538727,0.0,0.0,4512.841,159.18587,80.87949,80.87949,81.37525,80.58,-1.0,-1.0,93.93361,1.43468,0.043251075,0.9462405,2.4653113,-111.072556,13.054112,-1.0,0.0,0.0,0.10631599,0.0018349622,0.2165028,2.2717052,0.0,0.4598716,1
9,9,2,70.0,14.0,51.0,2.0,0.0,0.0,0.0,0.0,5.9197254,0.0,0.0,13868.627,167.86792,72.36587,72.36587,73.65082,73.05312,-1.0,-1.0,79.54832,1.262056,0.061509937,0.9654415,3.1370068,-94.098114,7.1824517,-1.0,0.0,0.0,0.21718396,0.004295157,0.1947807,2.3623827,0.0,0.45264846,1
10,10,3,98.0,14.0,51.0,2.0,0.0,0.0,0.0,0.0,7.5032544,0.0,0.0,27521.748,185.16669,72.36587,72.36587,73.0591,72.830086,-1.0,-1.0,74.80614,1.0775743,0.074057296,0.9441475,3.776922,-83.37516,2.4402719,-1.0,0.0,0.0,0.31985658,0.006221966,0.18803066,2.3741567,0.0,0.46589085,1
11,11,4,126.0,14.0,53.0,2.0,0.0,0.0,0.0,0.0,10.475704,0.0,0.0,,,75.20374,75.20374,75.08074,75.33888,-1.0,-1.0,76.45154,1.0289335,0.092780665,0.91231894,4.917375,-71.0165,1.2477958,-1.0,0.0,0.0,0.43721345,0.008279844,0.20135905,,0.0,0.49117175,1
12,12,5,154.0,14.0,56.0,2.0,0.0,0.0,0.0,0.0,11.482046,0.0,0.0,,,79.460556,79.460556,78.77489,79.42823,-1.0,-1.0,80.12707,1.0037076,0.13171996,0.8671253,7.376318,-49.50173,0.6665097,-1.0,0.0,0.0,0.47902578,0.008533823,0.26732942,,0.0,0.532504,1
13,13,6,182.0,14.0,60.0,2.0,0.0,0.0,0.0,0.0,7.4631443,0.0,0.0,,,85.136314,85.136314,84.46903,85.05878,-1.0,-1.0,87.10438,1.0365582,0.2026793,0.794736,12.160758,-31.60425,1.9680657,-1.0,0.0,0.0,0.42899564,0.0070849494,0.26540893,,0.0,0.56902087,1
14,14,0,14.0,14.0,51.0,2.0,0.0,0.0,0.0,0.0,0.48146394,0.0,0.0,-829.2746,-3.0478997,72.36587,72.36587,72.53224,72.2522,-1.0,-1.0,96.53151,1.9047921,0.010582432,0.98496044,0.539704,-78.41155,24.165644,-1.0,0.0,0.0,0.024783652,0.00048223682,0.15930177,0.008607625,0.0,0.28767124,2
15,15,1,42.0,14.0,38.0,2.0,0.0,0.0,0.0,0.0,1.2056149,0.0,0.0,-5941.6953,15.666811,53.919662,53.919662,53.69761,53.61053,-1.0,-1.0,69.82813,1.7929184,0.028943535,0.95478624,1.0998544,-77.20618,15.908468,-1.0,0.0,0.0,0.038575284,0.0010114495,0.1322279,0.2961692,0.0,0.31506848,2
16,16,2,70.0,14.0,13.0,2.0,0.0,0.0,0.0,0.0,6.1379232,0.0,0.0,-15133.455,12.947329,18.446201,18.446201,18.860909,18.910904,-1.0,-1.0,21.509632,1.4003698,0.11613778,0.95535505,1.5097911,-17.663864,3.0634313,-1.0,0.0,0.0,0.069522694,0.005341072,0.047030367,0.3894518,0.0,0.33732876,2
17,17,3,98.0,14.0,10.0,2.0,0.0,0.0,0.0,0.0,10.46213,0.0,0.0,-30162.682,14.6941185,14.189385,14.189385,14.262476,14.418384,-1.0,-1.0,14.927241,1.0572532,0.20398507,0.8418147,2.0398507,-8.484633,0.737856,-1.0,0.0,0.0,0.092514485,0.009073285,0.04301211,0.3720594,0.0,0.36172944,2
18,18,4,126.0,14.0,10.0,2.0,0.0,0.0,0.0,0.0,11.967276,0.0,0.0,,,14.189385,14.189385,14.002704,14.32303,-1.0,-1.0,14.748005,1.0089562,0.27350324,0.7532261,2.7350326,-6.094814,0.55861956,-1.0,0.0,0.0,0.10708562,0.0108795585,0.0469495,,0.0,0.40282536,2
19,19,5,154.0,14.0,25.0,2.0,0.0,0.0,0.0,0.0,6.299426,0.0,0.0,,,35.473465,35.473465,34.941326,35.459877,-1.0,-1.0,39.316536,1.2099407,0.20042065,0.79849243,5.010516,-19.902042,3.8430727,-1.0,0.0,0.0,0.13391167,0.0055030887,0.10451842,,0.0,0.48672944,2
20,20,6,182.0,14.0,48.0,2.0,0.0,0.0,0.0,0.0,7.163464,0.0,0.0,,,68.10905,68.10905,65.44467,67.97575,-1.0,-1.0,82.84897,1.3704914,0.18948497,0.80496097,9.095279,-33.027813,14.739919,-1.0,0.0,0.0,0.20357157,0.0042164265,0.2684329,,0.0,0.58604455,2
0,0,0,14.0,14.0,15.0,2.0,0.0,0.0,0.0,0.0,11.142092,0.0,0.0,-35.919926,30.956509,21.284079,21.284079,18.97872,21.25335,-1.0,-1.0,26.354782,1.3104103,0.008490188,0.9874126,0.12735282,-24.571089,5.070704,-1.0,0.0,0.0,0.2095894,0.014010088,0.05200034,1.3578502,0.0,0.4552646,3
1,1,1,42.0,14.0,39.0,2.0,0.0,0.0,0.0,0.0,4.148385,0.0,0.0,1061.1249,107.68483,55.338604,55.338604,52.93398,55.16153,-1.0,-1.0,69.96563,1.384621,0.0060575106,0.9848616,0.23624292,-155.73126,14.627027,-1.0,0.0,0.0,0.16337591,0.0042096768,0.12520607,1.6194534,0.0,0.41680306,3
2,2,2,70.0,14.0,49.0,2.0,0.0,0.0,0.0,0.0,2.1189923,0.0,0.0,7477.813,154.27386,69.527985,69.527985,69.75149,70.39478,-1.0,-1.0,86.17122,1.261258,0.006856396,1.0285231,0.3359634,-195.09683,16.64323,-1.0,0.0,0.0,0.074603625,0.001506806,0.15149128,1.9276333,0.0,0.35515547,3
3,3,3,98.0,14.0,52.0,2.0,0.0,0.0,0.0,0.0,2.3047798,0.0,0.0,15682.331,177.55963,73.784805,73.784805,74.279884,74.248,-1.0,-1.0,84.93255,0.876918,0.013486814,1.0043283,0.70131433,-156.64757,11.147745,-1.0,0.0,0.0,0.08508563,0.0016266456,0.16101016,1.9632372,0.0,0.4116203,3
4,4,4,126.0,14.0,52.0,2.0,0.0,0.0,0.0,0.0,1.9785295,0.0,0.0,,,73.784805,73.784805,74.543564,74.007164,-1.0,-1.0,82.297325,0.5239707,0.031589977,0.9769626,1.6426789,-124.80868,8.512522,-1.0,0.0,0.0,0.10597561,0.002046937,0.16191791,,0.0,0.4278505,3
5,5,5,154.0,14.0,51.0,2.0,0.0,0.0,0.0,0.0,1.0807899,0.0,0.0,,,72.36587,72.36587,73.01832,72.37126,-1.0,-1.0,84.58734,0.47186506,0.05656737,0.9436441,2.8849359,-107.258064,12.221477,-1.0,0.0,0.0,0.06821609,0.0013140682,0.16210486,,0.0,0.48499727,3
6,6,6,182.0,14.0,56.0,2.0,0.0,0.0,0.0,0.0,1.5267708,0.0,0.0,,,79.460556,79.460556,79.99071,79.387535,-1.0,-1.0,97.98804,1.1137931,0.09906424,0.89832777,5.5475974,-70.03904,18.52748,-1.0,0.0,0.0,0.093979105,0.0016473975,0.17636938,,0.0,0.55701035,3
7,7,0,14.0,14.0,57.0,2.0,0.0,0.0,0.0,0.0,0.4016654,0.0,0.0,193.47592,96.78705,80.87949,80.87949,80.94808,80.74335,-1.0,-1.0,107.64088,1.9072231,0.024474248,0.9707485,1.3950322,-88.38214,26.761381,-1.0,0.0,0.0,0.0073213126,0.00012447783,0.17796323,1.7479793,0.0,0.4431818,4
8,8,1,42.0,14.0,71.0,2.0,0.0,0.0,0.0,0.0,0.91190135,0.0,0.0,3303.001,180.69182,100.74464,100.74464,99.946884,100.185104,-1.0,-1.0,131.76157,1.8335854,0.0289325,0.955306,2.0542076,-191.6395,31.01693,-1.0,0.0,0.0,0.031981837,0.00044865307,0.22913784,2.0430884,0.0,0.5066288,4
9,9,2,70.0,14.0,72.0,2.0,0.0,0.0,0.0,0.0,1.0541049,0.0,0.0,11042.246,195.97086,102.163574,102.163574,102.29336,102.5931,-1.0,-1.0,137.88916,1.9490964,0.04150484,0.9704265,2.9883485,-188.03142,35.725586,-1.0,0.0,0.0,0.0396512,0.000551767,0.23569489,2.1701117,0.0,0.5568182,4
10,10,3,98.0,14.0,68.0,2.0,0.0,0.0,0.0,0.0,1.4588268,0.0,0.0,22651.928,194.03844,96.48782,96.48782,96.18689,96.68744,-1.0,-1.0,128.67943,1.8943259,0.054305848,0.9515652,3.6927977,-147.71954,32.19161,-1.0,0.0,0.0,0.050762933,0.0007388877,0.22105597,2.2051363,0.0,0.5842803,4
11,11,4,126.0,14.0,66.0,2.0,0.0,0.0,0.0,0.0,2.1734703,0.0,0.0,,,93.64994,93.64994,92.3065,93.53822,-1.0,-1.0,123.61,1.8463761,0.06923163,0.9273829,4.5692873,-117.10979,29.960058,-1.0,0.0,0.0,0.07280138,0.0010891282,0.21773231,,0.0,0.6410985,4
12,12,5,154.0,14.0,66.0,2.0,0.0,0.0,0.0,0.0,3.5127091,0.0,0.0,,,93.64994,93.64994,90.9414,93.4318,-1.0,-1.0,123.282104,1.827034,0.08531543,0.9080743,5.6308184,-90.468,29.632162,-1.0,0.0,0.0,0.1408551,0.0021393348,0.24002083,,0.0,0.64772725,4
13,13,6,182.0,14.0,70.0,2.0,0.0,0.0,0.0,0.0,6.7745476,0.0,0.0,,,99.3257,99.3257,94.08286,99.14222,-1.0,-1.0,130.35925,1.8119959,0.118174784,0.87658304,8.272235,-70.82232,31.033556,-1.0,0.0,0.0,0.3667916,0.0052055824,0.39164108,,0.0,0.6354167,4
14,14,0,14.0,14.0,32.0,2.0,0.0,0.0,0.0,0.0,4.582218,0.0,0.0,-1439.777,-16.767757,45.406033,45.406033,42.768745,45.340782,-1.0,-1.0,59.986134,1.8778329,0.03454362,0.96137816,1.1053958,-41.427647,14.5801,-1.0,0.0,0.0,0.14294519,0.004438432,0.21464424,-1.0296618,0.0,0.8701754,5
15,15,1,42.0,14.0,58.0,2.0,0.0,0.0,0.0,0.0,5.491817,0.0,0.0,-11428.496,15.731556,82.29843,82.29843,77.72074,82.01851,-1.0,-1.0,109.24986,1.9015377,0.03278548,0.9575622,1.9015578,-110.51373,26.951427,-1.0,0.0,0.0,0.27397272,0.0047404584,0.3171234,-0.7406412,0.0,0.8789474,5
16,16,2,70.0,14.0,64.0,2.0,0.0,0.0,0.0,0.0,5.485567,0.0,0.0,-28639.361,40.41891,90.812065,90.812065,87.33363,91.71062,-1.0,-1.0,123.472015,1.9911734,0.04812357,0.97995603,3.0799084,-109.053894,32.65995,-1.0,0.0,0.0,0.26811668,0.004179183,0.3540216,-0.5293174,0.0,0.8780702,5
17,17,3,98.0,14.0,66.0,2.0,0.0,0.0,0.0,0.0,5.6935115,0.0,0.0,-54706.855,58.058975,93.64994,93.64994,89.41491,94.07086,-1.0,-1.0,128.33849,2.0197377,0.06345988,0.9492953,4.188352,-96.157265,34.68854,-1.0,0.0,0.0,0.3010763,0.0045469846,0.32438084,-0.47981393,0.0,0.8885965,5
18,18,4,126.0,14.0,66.0,2.0,0.0,0.0,0.0,0.0,5.802733,0.0,0.0,,,93.64994,93.64994,88.627686,93.75893,-1.0,-1.0,127.520935,1.9929357,0.08802303,0.91527957,5.80952,-76.11484,33.87099,-1.0,0.0,0.0,0.35351256,0.0053447485,0.40113646,,0.0,0.9122807,5
19,19,5,154.0,14.0,67.0,2.0,0.0,0.0,0.0,0.0,6.128928,0.0,0.0,,,95.06888,95.06888,89.000465,94.97698,-1.0,-1.0,128.11177,1.9506642,0.13047785,0.8667789,8.742016,-61.15854,33.04289,-1.0,0.0,0.0,0.42398375,0.006371294,0.5360652,,0.0,0.9263158,5
20,20,6,182.0,14.0,69.0,2.0,0.0,0.0,0.0,0.0,7.4230976,0.0,0.0,,,97.90676,97.90676,90.38117,97.78433,-1.0,-1.0,130.80461,1.915777,0.21831687,0.7781347,15.063864,-46.223522,32.897854,-1.0,0.0,0.0,0.5910875,0.008519271,0.7481209,,0.0,0.9157895,5
21,21,0,14.0,14.0,10.0,2.0,0.0,0.0,0.0,0.0,3.5487485,0.0,0.0,-209.36507,24.367758,14.189385,14.189385,13.699359,14.171504,-1.0,-1.0,17.587767,1.1728452,0.0034574203,0.9929662,0.034574203,-18.698837,3.3983812,-1.0,0.0,0.0,0.033703502,0.0033837024,0.027801272,1.0628755,0.0,0.529985,6
22,22,1,42.0,14.0,33.0,2.0,0.0,0.0,0.0,0.0,1.5587813,0.0,0.0,-650.1599,101.56777,46.82497,46.82497,45.95019,46.696293,-1.0,-1.0,61.17,1.2135569,0.001908585,0.9902928,0.062983304,-111.259125,14.345027,-1.0,0.0,0.0,0.032550283,0.0009861997,0.106967375,1.2960814,0.0,0.5809595,6
23,23,2,70.0,14.0,46.0,2.0,0.0,0.0,0.0,0.0,0.6757306,0.0,0.0,4357.704,162.02226,65.27117,65.27117,65.98563,66.08897,-1.0,-1.0,82.57967,1.0916572,0.003505738,1.0320504,0.16126394,-152.90704,17.3085,-1.0,0.0,0.0,0.0122218635,0.0002648229,0.12640566,1.715381,0.0,0.66023237,6
24,24,3,98.0,14.0,55.0,2.0,0.0,0.0,0.0,0.0,0.40963304,0.0,0.0,9872.663,209.00586,78.04162,78.04162,78.951485,78.593315,-1.0,-1.0,96.77948,1.002597,0.006174093,1.0138873,0.3395751,-172.20493,18.73786,-1.0,0.0,0.0,0.010282045,0.00019284671,0.16355968,1.7615966,0.0,0.69490254,6
25,25,4,126.0,14.0,57.0,2.0,0.0,0.0,0.0,0.0,0.30374318,0.0,0.0,,,80.87949,80.87949,81.97485,81.18437,-1.0,-1.0,99.015434,0.9573074,0.013215658,0.99748194,0.7532925,-156.61165,18.135939,-1.0,0.0,0.0,0.019630194,0.00033430665,0.18300098,,0.0,0.7520615,6
26,26,5,154.0,14.0,58.0,2.0,0.0,0.0,0.0,0.0,0.06926043,0.0,0.0,,,82.29843,82.29843,83.30811,82.361626,-1.0,-1.0,103.80048,1.0374589,0.030232312,0.97194684,1.7534741,-133.65926,21.502048,-1.0,0.0,0.0,0.015455274,0.00025834574,0.17774022,,0.0,0.73894304,6
27,27,6,182.0,14.0,55.0,2.0,0.0,0.0,0.0,0.0,-0.16903548,0.0,0.0,,,78.04162,78.04162,79.01297,78.01341,-1.0,-1.0,102.26146,1.3576179,0.084340245,0.9146341,4.6387134,-87.58065,24.21984,-1.0,0.0,0.0,0.019352064,0.00038757073,0.16963284,,0.0,0.7383808,6
28,28,0,14.0,14.0,80.0,2.0,0.0,0.0,0.0,0.0,-0.00016240477,0.0,0.0,823.6087,137.0134,113.51508,113.51508,114.217514,113.356926,-1.0,-1.0,153.14557,1.9642454,0.0037139065,0.9923321,0.29711252,-247.26402,39.630486,-1.0,0.0,0.0,0.0009051587,1.1497295e-05,0.25545958,2.8196335,0.0,0.4668737,7
29,29,1,42.0,14.0,80.0,2.0,0.0,0.0,0.0,0.0,-0.00078674854,0.0,0.0,7464.792,160.74263,113.51508,113.51508,113.25815,112.46095,-1.0,-1.0,151.0206,1.9123325,0.0047605103,0.9688863,0.38084084,-255.08624,37.505516,-1.0,0.0,0.0,0.0012952407,1.638804e-05,0.24944642,2.829519,0.0,0.42339545,7
30,30,2,70.0,14.0,80.0,2.0,0.0,0.0,0.0,0.0,-0.0023566126,0.0,0.0,20744.355,182.2227,113.51508,113.51508,113.88824,113.05375,-1.0,-1.0,153.6328,1.9767617,0.0066786157,0.981788,0.53428924,-255.63884,40.117714,-1.0,0.0,0.0,0.0016212419,2.0246542e-05,0.2476621,2.8301191,0.0,0.4378882,7
31,31,3,98.0,14.0,80.0,2.0,0.0,0.0,0.0,0.0,0.0070420713,0.0,0.0,40617.938,205.57552,113.51508,113.51508,113.62561,112.813835,-1.0,-1.0,152.63705,1.9521924,0.009638626,0.9728304,0.7710901,-249.00317,39.12197,-1.0,0.0,0.0,0.0024817772,3.18427e-05,0.247081,2.8286963,0.0,0.48033127,7
32,32,4,126.0,14.0,80.0,2.0,0.0,0.0,0.0,0.0,-0.0036116391,0.0,0.0,,,113.51508,113.51508,113.596054,112.75229,-1.0,-1.0,152.8431,1.9552319,0.014383202,0.966547,1.1506562,-232.54095,39.32801,-1.0,0.0,0.0,0.0037839322,4.7350553e-05,0.23359391,,0.0,0.39026916,7
33,33,5,154.0,14.0,80.0,2.0,0.0,0.0,0.0,0.0,-0.00066096784,0.0,0.0,,,113.51508,113.51508,113.73196,112.88469,-1.0,-1.0,152.9114,1.9556569,0.02388975,0.9603504,1.91118,-212.74013,39.396324,-1.0,0.0,0.0,0.0066640372,8.429928e-05,0.25157046,,0.0,0.57763976,7
34,34,6,182.0,14.0,80.0,2.0,0.0,0.0,0.0,0.0,0.008146191,0.0,0.0,,,113.51508,113.51508,114.00208,113.20039,-1.0,-1.0,153.17133,1.9631869,0.05922448,0.93290836,4.7379584,-171.07301,39.656242,-1.0,0.0,0.0,0.014651001,0.00019665521,0.25074795,,0.0,0.41097307,7
0,0,0,14.0,14.0,10.0,2.0,0.0,0.0,0.0,0.0,9.785751,0.0,0.0,-257.8884,23.60298,14.189385,14.189385,12.727459,14.188241,-1.0,-1.0,16.10012,0.8264273,0.029631743,0.9701394,0.29631743,-21.021112,1.9107352,-1.0,0.0,0.0,0.15663591,0.015504452,0.039183408,0.9803528,0.0,0.5388889,8
1,1,1,42.0,14.0,11.0,2.0,0.0,0.0,0.0,0.0,2.6878936,0.0,0.0,753.0735,42.68653,15.608324,15.608324,14.71343,15.597494,-1.0,-1.0,14.876129,0.48416862,0.053797554,0.9442335,0.5917731,-40.420273,-0.7321947,-1.0,0.0,0.0,0.042677924,0.00381838,0.047139287,1.5612427,0.0,0.5277778,8
2,2,2,70.0,14.0,17.0,2.0,0.0,0.0,0.0,0.0,0.7699847,0.0,0.0,8760.533,72.036224,24.121956,24.121956,24.219791,24.586882,-1.0,-1.0,24.70191,0.59495413,0.075901344,0.978796,1.2903229,-75.498566,0.579955,-1.0,0.0,0.0,0.011934355,0.00070448173,0.07257101,2.014893,0.0,0.5361111,8
3,3,3,98.0,14.0,19.0,2.0,0.0,0.0,0.0,0.0,1.68039,0.0,0.0,16914.475,88.54866,26.959831,26.959831,27.429808,27.269234,-1.0,-1.0,26.501192,0.5417001,0.098526895,0.93404186,1.872011,-78.82485,-0.45864004,-1.0,0.0,0.0,0.02952989,0.0015610746,0.0814252,2.0060022,0.0,0.55277777,8
4,4,4,126.0,14.0,20.0,2.0,0.0,0.0,0.0,0.0,3.378589,0.0,0.0,,,28.37877,28.37877,28.91081,28.542902,-1.0,-1.0,29.12514,0.61380124,0.09928855,0.9171246,1.9857711,-71.066216,0.7463686,-1.0,0.0,0.0,0.081895955,0.004202948,0.09484249,,0.0,0.5611111,8
5,5,5,154.0,14.0,21.0,2.0,0.0,0.0,0.0,0.0,3.033557,0.0,0.0,,,29.797709,29.797709,30.400333,29.876902,-1.0,-1.0,33.511963,0.7582672,0.095670305,0.91187185,2.0090764,-65.72206,3.7142537,-1.0,0.0,0.0,0.106990226,0.0051902235,0.07878305,,0.0,0.58055556,8
6,6,6,182.0,14.0,14.0,2.0,0.0,0.0,0.0,0.0,2.069223,0.0,0.0,,,19.865139,19.865139,20.417967,19.88923,-1.0,-1.0,23.31591,0.88258636,0.14330392,0.86013764,2.006255,-33.461864,3.4507709,-1.0,0.0,0.0,0.05904533,0.004251392,0.06692886,,0.0,0.60555553,8
7,7,0,14.0,14.0,80.0,2.0,0.0,0.0,0.0,0.0,0.59928954,0.0,0.0,822.6892,137.84558,113.51508,113.51508,112.42646,113.36392,-1.0,-1.0,153.21747,1.9663155,0.0038554103,0.9923654,0.30843282,-246.3188,39.702385,-1.0,0.0,0.0,0.019380582,0.00024946005,0.25308535,2.81807,0.0,0.46060926,9
8,8,1,42.0,14.0,80.0,2.0,0.0,0.0,0.0,0.0,0.24362528,0.0,0.0,7772.323,166.25368,113.51508,113.51508,112.57526,112.44438,-1.0,-1.0,150.6527,1.9025992,0.005038165,0.96819437,0.4030532,-265.0775,37.13761,-1.0,0.0,0.0,0.0035239807,4.6345725e-05,0.24549024,2.8876317,0.0,0.5354517,9
9,9,2,70.0,14.0,80.0,2.0,0.0,0.0,0.0,0.0,0.18747345,0.0,0.0,21875.777,189.04178,113.51508,113.51508,113.40361,113.04996,-1.0,-1.0,151.16293,1.9140778,0.007831043,0.98054063,0.62648344,-262.73288,37.64785,-1.0,0.0,0.0,0.0028843442,3.7911515e-05,0.22922842,2.9070866,0.0,0.5157563,9
10,10,3,98.0,14.0,80.0,2.0,0.0,0.0,0.0,0.0,0.19587837,0.0,0.0,43010.418,212.85683,113.51508,113.51508,113.10812,112.806366,-1.0,-1.0,148.98398,1.8603098,0.012459914,0.9698221,0.99679315,-254.6224,35.468895,-1.0,0.0,0.0,0.0039562862,4.6979512e-05,0.24060118,2.9117339,0.0,0.5186449,9
11,11,4,126.0,14.0,80.0,2.0,0.0,0.0,0.0,0.0,0.28827402,0.0,0.0,,,113.51508,113.51508,112.77843,112.73557,-1.0,-1.0,149.1121,1.864219,0.019684559,0.9608278,1.5747647,-244.18616,35.597023,-1.0,0.0,0.0,0.00631249,7.998938e-05,0.24884547,,0.0,0.5223214,9
12,12,5,154.0,14.0,80.0,2.0,0.0,0.0,0.0,0.0,0.47374138,0.0,0.0,,,113.51508,113.51508,112.382164,112.880455,-1.0,-1.0,149.30241,1.8676525,0.03449195,0.94964224,2.759356,-217.75058,35.78733,-1.0,0.0,0.0,0.0128628,0.000165173,0.24485227,,0.0,0.5884979,9
13,13,6,182.0,14.0,80.0,2.0,0.0,0.0,0.0,0.0,0.3302402,0.0,0.0,,,113.51508,113.51508,112.5862,113.20445,-1.0,-1.0,150.4587,1.8972603,0.064985275,0.9272488,5.198822,-180.09348,36.94361,-1.0,0.0,0.0,0.020343732,0.00024058968,0.25372326,,0.0,0.60189074,9
14,14,0,14.0,14.0,10.0,2.0,0.0,0.0,0.0,0.0,19.276989,0.0,0.0,-469.1584,20.247879,14.189385,14.189385,12.253027,14.173784,-1.0,-1.0,15.790502,0.40298873,0.013172394,0.9837072,0.13172394,-18.605156,1.6011163,-1.0,0.0,0.0,0.30664247,0.030507514,0.056777578,0.6210501,0.0,0.32110092,10
15,15,1,42.0,14.0,10.0,2.0,0.0,0.0,0.0,0.0,9.812198,0.0,0.0,-1456.9619,38.327045,14.189385,14.189385,12.8924265,14.159083,-1.0,-1.0,13.885422,0.021735873,0.012220503,0.98171926,0.12220503,-35.118298,-0.30396357,-1.0,0.0,0.0,0.19488594,0.01943496,0.06253571,1.1436245,0.0,0.28998804,10
16,16,2,70.0,14.0,13.0,2.0,0.0,0.0,0.0,0.0,4.9516926,0.0,0.0,7514.709,56.716236,18.446201,18.446201,18.488132,18.996696,-1.0,-1.0,18.504362,0.011796593,0.009945026,1.0747466,0.12928534,-50.788662,0.058161173,-1.0,0.0,0.0,0.09843297,0.007580765,0.07830158,1.9301432,0.0,0.33266854,10
17,17,3,98.0,14.0,20.0,2.0,0.0,0.0,0.0,0.0,1.5221287,0.0,0.0,11621.704,91.3406,28.37877,28.37877,28.96112,28.781841,-1.0,-1.0,29.337893,0.010811109,0.00680931,1.0334976,0.1361862,-83.55178,0.9591219,-1.0,0.0,0.0,0.03700983,0.0018704828,0.10334572,1.8223019,0.0,0.3968887,10
18,18,4,126.0,14.0,22.0,2.0,0.0,0.0,0.0,0.0,0.5404827,0.0,0.0,,,31.216648,31.216648,32.13787,31.470068,-1.0,-1.0,36.547886,0.011301997,0.00516168,1.0178766,0.11355696,-85.449165,5.3312383,-1.0,0.0,0.0,0.03974652,0.0017852754,0.10350627,,0.0,0.4567212,10
19,19,5,154.0,14.0,16.0,2.0,0.0,0.0,0.0,0.0,1.3616565,0.0,0.0,,,22.703016,22.703016,23.507875,22.802761,-1.0,-1.0,25.020863,0.007686397,0.05719736,0.9552706,0.91515774,-50.261585,2.317846,-1.0,0.0,0.0,0.054800134,0.0034918964,0.07477714,,0.0,0.44794574,10
20,20,6,182.0,14.0,10.0,2.0,0.0,0.0,0.0,0.0,0.27214366,0.0,0.0,,,14.189385,14.189385,14.676893,14.2171955,-1.0,-1.0,16.815163,0.006911668,0.10016586,0.90539616,1.0016586,-22.40822,2.6257772,-1.0,0.0,0.0,0.028714009,0.0027023738,0.040287614,,0.0,0.45512566,10
21,21,0,14.0,14.0,10.0,2.0,0.0,0.0,0.0,0.0,12.629359,0.0,0.0,-573.4353,19.043701,14.189385,14.189385,12.58195,14.171756,-1.0,-1.0,16.66921,1.2849054,0.036047887,0.96042645,0.36047888,-16.222542,2.479825,-1.0,0.0,0.0,0.17014182,0.01705287,0.03962984,0.44370836,0.0,0.54892856,11
22,22,1,42.0,14.0,10.0,2.0,0.0,0.0,0.0,0.0,2.72225,0.0,0.0,-1347.3545,36.166203,14.189385,14.189385,13.7109165,14.159503,-1.0,-1.0,13.607605,0.4966366,0.04696413,0.9470591,0.46964133,-39.687233,-0.5817804,-1.0,0.0,0.0,0.02953702,0.0029932118,0.037963264,1.1643364,0.0,0.51,11
23,23,2,70.0,14.0,11.0,2.0,0.0,0.0,0.0,0.0,2.1821978,0.0,0.0,5213.4854,46.837864,15.608324,15.608324,16.079025,15.982157,-1.0,-1.0,14.84838,0.3605766,0.009776371,1.0581934,0.10754008,-31.551754,-0.7599438,-1.0,0.0,0.0,0.022981822,0.002109606,0.039483275,1.7735974,0.0,0.5285714,11
24,24,3,98.0,14.0,16.0,2.0,0.0,0.0,0.0,0.0,1.6226553,0.0,0.0,7728.7373,69.75201,22.703016,22.703016,23.303368,23.065325,-1.0,-1.0,21.130602,0.2945409,0.056050923,0.98923784,0.89681476,-29.445465,-1.5724146,-1.0,0.0,0.0,0.03466557,0.002216515,0.0679606,1.6871856,0.0,0.5032143,11
25,25,4,126.0,14.0,20.0,2.0,0.0,0.0,0.0,0.0,0.84569347,0.0,0.0,,,28.37877,28.37877,28.980576,28.601826,-1.0,-1.0,27.022577,0.3061355,0.07103707,0.9512685,1.4207413,-30.156935,-1.3561934,-1.0,0.0,0.0,0.0313736,0.0015885631,0.06319659,,0.0,0.49214286,11
26,26,5,154.0,14.0,26.0,2.0,0.0,0.0,0.0,0.0,0.7440394,0.0,0.0,,,36.892403,36.892403,37.45342,37.000294,-1.0,-1.0,37.763905,0.4747314,0.10608171,0.9022174,2.7581244,-32.104336,0.8715027,-1.0,0.0,0.0,0.017823758,0.0006872346,0.110979214,,0.0,0.51035714,11
27,27,6,182.0,14.0,34.0,2.0,0.0,0.0,0.0,0.0,0.40143147,0.0,0.0,,,48.24391,48.24391,48.73734,48.262875,-1.0,-1.0,54.32747,0.8048092,0.17429087,0.8268247,5.9258895,-28.065733,6.0835586,-1.0,0.0,0.0,0.017657096,0.0005030685,0.11895019,,0.0,0.5846428,11
28,28,0,14.0,14.0,23.0,2.0,0.0,0.0,0.0,0.0,5.7243433,0.0,0.0,62.046253,45.311707,32.635586,32.635586,30.34855,32.583405,-1.0,-1.0,42.502415,1.4793206,0.008549144,0.9869132,0.1966303,-39.47405,9.866828,-1.0,0.0,0.0,0.13247764,0.0057309237,0.0740445,1.5244594,0.0,0.7302053,12
29,29,1,42.0,14.0,43.0,2.0,0.0,0.0,0.0,0.0,1.7993193,0.0,0.0,2087.885,128.28177,61.01436,61.01436,59.752823,60.8007,-1.0,-1.0,81.961426,1.4447528,0.011155345,0.9789073,0.47967982,-171.2606,20.94707,-1.0,0.0,0.0,0.041563388,0.00097474083,0.13876675,1.8134747,0.0,0.7233627,12
30,30,2,70.0,14.0,53.0,2.0,0.0,0.0,0.0,0.0,1.0108774,0.0,0.0,9261.495,182.44595,75.20374,75.20374,75.97688,76.039276,-1.0,-1.0,95.75883,1.1993514,0.01825242,1.0132772,0.9673782,-198.62637,20.555084,-1.0,0.0,0.0,0.017492436,0.0003245414,0.17329362,2.0489721,0.0,0.71016616,12
31,31,3,98.0,14.0,61.0,2.0,0.0,0.0,0.0,0.0,0.75320715,0.0,0.0,18613.389,226.98616,86.55525,86.55525,87.27113,87.046165,-1.0,-1.0,102.84103,0.9403932,0.02727078,0.9888249,1.6635176,-186.11426,16.285776,-1.0,0.0,0.0,0.017017918,0.00027774894,0.22085992,2.0649676,0.0,0.69843596,12
32,32,4,126.0,14.0,64.0,2.0,0.0,0.0,0.0,0.0,0.6575848,0.0,0.0,,,90.812065,90.812065,91.50338,91.0313,-1.0,-1.0,105.88202,0.8178094,0.03819866,0.96865267,2.4447143,-177.22299,15.069953,-1.0,0.0,0.0,0.017605655,0.00026259775,0.21750566,,0.0,0.71603125,12
33,33,5,154.0,14.0,64.0,2.0,0.0,0.0,0.0,0.0,0.31941983,0.0,0.0,,,90.812065,90.812065,91.34154,90.78971,-1.0,-1.0,110.361206,0.7572906,0.05979965,0.93950176,3.8271775,-156.34818,19.549139,-1.0,0.0,0.0,0.015333473,0.00023366147,0.23241717,,0.0,0.684262,12
34,34,6,182.0,14.0,63.0,2.0,0.0,0.0,0.0,0.0,0.38805857,0.0,0.0,,,89.39313,89.39313,89.8709,89.32727,-1.0,-1.0,110.234726,1.1884601,0.100479834,0.8974295,6.3302298,-116.47661,20.841599,-1.0,0.0,0.0,0.028354764,0.0004550063,0.21057771,,0.0,0.6300098,12
35,35,0,14.0,14.0,80.0,2.0,0.0,0.0,0.0,0.0,0.0049777566,0.0,0.0,823.5788,137.04303,113.51508,113.51508,114.20812,113.35355,-1.0,-1.0,153.20306,1.9657667,0.0037619453,0.9922,0.30095562,-247.85608,39.68798,-1.0,0.0,0.0,0.0009701812,1.1598206e-05,0.2492492,2.8195827,0.0,0.4021316,13
36,36,1,42.0,14.0,80.0,2.0,0.0,0.0,0.0,0.0,-0.0028954863,0.0,0.0,7464.8584,160.80873,113.51508,113.51508,113.224655,112.43007,-1.0,-1.0,151.04755,1.9119757,0.00469663,0.9681779,0.3757304,-258.47125,37.532463,-1.0,0.0,0.0,0.0012135642,1.5936404e-05,0.23807073,2.8295317,0.0,0.47755688,13
37,37,2,70.0,14.0,80.0,2.0,0.0,0.0,0.0,0.0,0.00057023764,0.0,0.0,20743.385,182.20558,113.51508,113.51508,113.87677,113.05585,-1.0,-1.0,152.3326,1.9438524,0.006291783,0.9822269,0.5033426,-256.9791,38.817513,-1.0,0.0,0.0,0.0017180833,2.023244e-05,0.23751076,2.830053,0.0,0.41627383,13
38,38,3,98.0,14.0,80.0,2.0,0.0,0.0,0.0,0.0,0.004589826,0.0,0.0,40611.65,205.58496,113.51508,113.51508,113.60381,112.793335,-1.0,-1.0,150.73141,1.903695,0.0096756,0.97228074,0.774048,-247.48236,37.21633,-1.0,0.0,0.0,0.0024742368,2.9556826e-05,0.251366,2.8284779,0.0,0.59766346,13
39,39,4,126.0,14.0,80.0,2.0,0.0,0.0,0.0,0.0,0.0017555237,0.0,0.0,,,113.51508,113.51508,113.577255,112.74525,-1.0,-1.0,151.0093,1.9094136,0.015120639,0.9656336,1.2096511,-233.33755,37.49421,-1.0,0.0,0.0,0.0038371254,5.038941e-05,0.24287769,,0.0,0.54990774,13
40,40,5,154.0,14.0,80.0,2.0,0.0,0.0,0.0,0.0,-0.0075680106,0.0,0.0,,,113.51508,113.51508,113.67955,112.87715,-1.0,-1.0,152.2033,1.939831,0.027130252,0.9569214,2.1704202,-211.21753,38.68821,-1.0,0.0,0.0,0.0064190286,7.886318e-05,0.22579451,,0.0,0.5882353,13
41,41,6,182.0,14.0,80.0,2.0,0.0,0.0,0.0,0.0,-0.010966214,0.0,0.0,,,113.51508,113.51508,114.06088,113.20219,-1.0,-1.0,152.343,1.9427398,0.05821536,0.93396205,4.657229,-168.83159,38.82792,-1.0,0.0,0.0,0.014799316,0.00018786514,0.2592826,,0.0,0.55277723,13
42,42,0,14.0,14.0,10.0,2.0,0.0,0.0,0.0,0.0,1.769697,0.0,0.0,-470.43854,21.332287,14.189385,14.189385,13.752676,14.174264,-1.0,-1.0,18.245867,1.0551052,0.03617069,0.960805,0.3617069,-14.667441,4.0564814,-1.0,0.0,0.0,0.019910624,0.0019931248,0.03106728,0.618873,0.0,0.5541667,14
43,43,1,42.0,14.0,26.0,2.0,0.0,0.0,0.0,0.0,1.1519928,0.0,0.0,-2678.201,75.809586,36.892403,36.892403,36.917103,36.800682,-1.0,-1.0,47.55827,0.8312815,0.040197473,0.9527474,1.0451343,-90.16917,10.665868,-1.0,0.0,0.0,0.026399497,0.0010256518,0.08538403,0.91285366,0.0,0.5445833,14
44,44,2,70.0,14.0,38.0,2.0,0.0,0.0,0.0,0.0,0.5428977,0.0,0.0,-1845.3447,122.21544,53.919662,53.919662,54.846848,54.71315,-1.0,-1.0,74.27445,0.8857407,0.013379055,1.0283835,0.5084041,-121.67419,20.354788,-1.0,0.0,0.0,0.013518678,0.0003496539,0.1468426,1.2934048,0.0,0.495,14
45,45,3,98.0,14.0,45.0,2.0,0.0,0.0,0.0,0.0,0.6201138,0.0,0.0,-2818.136,154.94012,63.852234,63.852234,64.859276,64.39096,-1.0,-1.0,82.9575,0.6912026,0.018310325,1.0056331,0.82396466,-131.50111,19.105263,-1.0,0.0,0.0,0.021708783,0.00047210083,0.16468477,1.3211273,0.0,0.5183333,14
46,46,4,126.0,14.0,47.0,2.0,0.0,0.0,0.0,0.0,0.3486309,0.0,0.0,,,66.69011,66.69011,67.66855,66.96363,-1.0,-1.0,87.04786,0.70033234,0.023518857,0.98812056,1.1053863,-128.6083,20.357748,-1.0,0.0,0.0,0.024280852,0.0005103666,0.16614357,,0.0,0.53125,14
47,47,5,154.0,14.0,44.0,2.0,0.0,0.0,0.0,0.0,0.08202345,0.0,0.0,,,62.433296,62.433296,63.396378,62.51453,-1.0,-1.0,81.66207,0.7654168,0.06531446,0.9383782,2.873836,-104.33264,19.228775,-1.0,0.0,0.0,0.020778498,0.00045535146,0.17364818,,0.0,0.55,14
48,48,6,182.0,14.0,43.0,2.0,0.0,0.0,0.0,0.0,0.08897137,0.0,0.0,,,61.01436,61.01436,61.785267,61.011288,-1.0,-1.0,81.630745,1.3246421,0.1019894,0.8978676,4.3855443,-84.9354,20.616388,-1.0,0.0,0.0,0.021512287,0.000503526,0.1495685,,0.0,0.5966667,14
